,precision,recall,f1-score,support
normal,0.9411764705882353,0.9696969696969697,0.9552238805970149,33.0
osteopenia,0.9428571428571428,1.0,0.9705882352941176,33.0
osteoporosis,1.0,0.9090909090909091,0.9523809523809523,33.0
accuracy,0.9595959595959596,0.9595959595959596,0.9595959595959596,0.9595959595959596
macro avg,0.9613445378151261,0.9595959595959597,0.9593976894240283,99.0
weighted avg,0.9613445378151261,0.9595959595959596,0.9593976894240283,99.0
